{
"lengthUnit": "mil",
"components": {
	"fields": ["COMPONENT_NO", "COMPONENT_NAME", "LAYER", "X_COORDINATE", "Y_COORDINATE", "ANGLE"],
	"rows": [
		[1, "U1", "T", 2820, -3451.06, 0],
		[2, "U4", "T", 3250, -2839.61, 270],
		[3, "C25", "T", 3048.68, -2750, 180],
		[4, "C36", "T", 3040, -2700, 0],
		[5, "C37", "T", 3040, -2810, 0],
		[6, "C38", "T", 2535, -3870, 0],
		[7, "C39", "T", 2535, -3820, 0],
		[8, "C40", "T", 2535, -3920, 0],
		[9, "C41", "T", 2535, -3960, 0],
		[10, "C42", "T", 2825, -3900, 0],
		[11, "C43", "T", 3095, -3900, 90],
		[12, "X1", "T", 3505, -3360, 180],
		[13, "RN1", "T", 3275, -3335, 90],
		[14, "C45", "T", 2855, -3120, 180],
		[15, "C46", "T", 2855, -3080, 0],
		[16, "C47", "T", 2195, -2955, 90],
		[17, "R2", "T", 2080, -2980, 180],
		[18, "R3", "T", 2235, -2963.84, 270],
		[19, "RN2", "T", 2034.21, -3145, 270],
		[20, "RN3", "T", 1899.21, -3145, 270],
		[21, "RN4", "T", 1900, -3745, 90],
		[22, "RN5", "T", 2035, -3745, 90],
		[23, "C48", "T", 1975, -3520, 0],
		[24, "C49", "T", 2150, -3380, 180],
		[25, "C50", "T", 1973.54, -3380, 180],
		[26, "R4", "T", 2150, -2946.48, 90],
		[27, "C51", "T", 2151.46, -3520, 0],
		[28, "R5", "T", 1925, -3907.75, 0],
		[29, "R6", "T", 2099.24, -3907.75, 0],
		[30, "C52", "T", 2012.12, -3934.14, 90],
		[31, "C53", "T", 2186.36, -3934.14, 90],
		[32, "H3", "T", 1745, -3455, 270],
		[33, "H5", "T", 3830, -3365, 270],
		[34, "H7", "T", 3590, -3925, 180],
		[35, "SW4", "T", 3785, -3035, 270],
		[36, "H1", "T", 2375, -3895, 90],
		[37, "H2", "T", 3457.63, -3160, 180],
		[38, "H4", "T", 3457.63, -3565, 180],
		[39, "U7", "T", 3540, -2830, 0],
		[40, "DVDD", "T", 2881.97, -2971.76, 0],
		[41, "AVDD", "T", 2751.81, -2971.76, 0],
		[42, "RAW", "T", 3007.28, -2971.76, 0],
		[43, "AVSS", "T", 2877.13, -2851.76, 0],
		[44, "GND", "T", 2751.65, -2851.76, 0]
	]
},
"pins": {
	"fields": ["PIN_NO", "PIN_NAME", "PIN_X", "PIN_Y", "LAYER", "PIN_TYPE", "NET_NAME", "NET_TYPE", "PAD_SHAPE", "PAD_SIZEX", "PAD_SIZEY", "HOLE_SIZE"],
	"rows": [
		[1, "U1_64", 2672.36, -3232.56, "T", "SMD", "GND", "GND", "O", 11.02, 70.87, 0],
		[2, "U1_63", 2692.05, -3232.56, "T", "SMD", "$1N5849", "", "O", 11.02, 70.87, 0],
		[3, "U1_62", 2711.73, -3232.56, "T", "SMD", "$1N5868", "", "O", 11.02, 70.87, 0],
		[4, "U1_61", 2731.42, -3232.56, "T", "SMD", "$1N5759", "", "O", 11.02, 70.87, 0],
		[5, "U1_59", 2770.79, -3232.56, "T", "SMD", "AVDD", "", "O", 11.02, 70.87, 0],
		[6, "U1_58", 2790.47, -3232.56, "T", "SMD", "AVSS", "", "O", 11.02, 70.87, 0],
		[7, "U1_57", 2810.16, -3232.56, "T", "SMD", "AVSS", "", "O", 11.02, 70.87, 0],
		[8, "U1_56", 2829.84, -3232.56, "T", "SMD", "AVDD", "", "O", 11.02, 70.87, 0],
		[9, "U1_55", 2849.53, -3232.56, "T", "SMD", "$1N5373", "", "O", 11.02, 70.87, 0],
		[10, "U1_54", 2869.21, -3232.56, "T", "SMD", "AVDD", "", "O", 11.02, 70.87, 0],
		[11, "U1_53", 2888.9, -3232.56, "T", "SMD", "AVSS", "", "O", 11.02, 70.87, 0],
		[12, "U1_52", 2908.58, -3232.56, "T", "SMD", "CLKSEL", "", "O", 11.02, 70.87, 0],
		[13, "U1_51", 2928.27, -3232.56, "T", "SMD", "GND", "GND", "O", 11.02, 70.87, 0],
		[14, "U1_50", 2947.95, -3232.56, "T", "SMD", "DVDD", "", "O", 11.02, 70.87, 0],
		[15, "U1_49", 2967.64, -3232.56, "T", "SMD", "GND", "GND", "O", 11.02, 70.87, 0],
		[16, "U1_48", 3038.5, -3303.42, "T", "SMD", "DVDD", "", "O", 11.02, 70.87, 0],
		[17, "U1_47", 3038.5, -3323.11, "T", "SMD", "DRDY", "", "O", 11.02, 70.87, 0],
		[18, "U1_46", 3038.5, -3342.79, "T", "SMD", "$1N3881", "", "O", 11.02, 70.87, 0],
		[19, "U1_45", 3038.5, -3362.48, "T", "SMD", "$1N3876", "", "O", 11.02, 70.87, 0],
		[20, "U1_44", 3038.5, -3382.16, "T", "SMD", "$1N3871", "", "O", 11.02, 70.87, 0],
		[21, "U1_43", 3038.5, -3401.85, "T", "SMD", "MISO", "", "O", 11.02, 70.87, 0],
		[22, "U1_42", 3038.5, -3421.53, "T", "SMD", "$1N3867", "", "O", 11.02, 70.87, 0],
		[23, "U1_41", 3038.5, -3441.22, "T", "SMD", "DAISY_IN", "", "O", 11.02, 70.87, 0],
		[24, "U1_40", 3038.5, -3460.9, "T", "SMD", "SCLK", "", "O", 11.02, 70.87, 0],
		[25, "U1_39", 3038.5, -3480.59, "T", "SMD", "CS", "", "O", 11.02, 70.87, 0],
		[26, "U1_38", 3038.5, -3500.27, "T", "SMD", "START", "", "O", 11.02, 70.87, 0],
		[27, "U1_37", 3038.5, -3519.96, "T", "SMD", "$1N8742", "", "O", 11.02, 70.87, 0],
		[28, "U1_36", 3038.5, -3539.64, "T", "SMD", "RESET", "", "O", 11.02, 70.87, 0],
		[29, "U1_35", 3038.5, -3559.33, "T", "SMD", "PWDN", "", "O", 11.02, 70.87, 0],
		[30, "U1_34", 3038.5, -3579.01, "T", "SMD", "MOSI", "", "O", 11.02, 70.87, 0],
		[31, "U1_33", 3038.5, -3598.7, "T", "SMD", "GND", "GND", "O", 11.02, 70.87, 0],
		[32, "U1_32", 2967.64, -3669.56, "T", "SMD", "AVSS", "", "O", 11.02, 70.87, 0],
		[33, "U1_31", 2947.95, -3669.56, "T", "SMD", "GND", "GND", "O", 11.02, 70.87, 0],
		[34, "U1_30", 2928.27, -3669.56, "T", "SMD", "$1N3353", "", "O", 11.02, 70.87, 0],
		[35, "U1_28", 2888.9, -3669.56, "T", "SMD", "$1N3286", "", "O", 11.02, 70.87, 0],
		[36, "U1_26", 2849.53, -3669.56, "T", "SMD", "$1N3116", "", "O", 11.02, 70.87, 0],
		[37, "U1_25", 2829.84, -3669.56, "T", "SMD", "AVSS", "", "O", 11.02, 70.87, 0],
		[38, "U1_24", 2810.16, -3669.56, "T", "SMD", "$1N3003", "", "O", 11.02, 70.87, 0],
		[39, "U1_23", 2790.47, -3669.56, "T", "SMD", "AVSS", "", "O", 11.02, 70.87, 0],
		[40, "U1_22", 2770.79, -3669.56, "T", "SMD", "AVDD", "", "O", 11.02, 70.87, 0],
		[41, "U1_21", 2751.1, -3669.56, "T", "SMD", "AVDD", "", "O", 11.02, 70.87, 0],
		[42, "U1_20", 2731.42, -3669.56, "T", "SMD", "AVSS", "", "O", 11.02, 70.87, 0],
		[43, "U1_19", 2711.73, -3669.56, "T", "SMD", "AVDD", "", "O", 11.02, 70.87, 0],
		[44, "U1_17", 2672.36, -3669.56, "T", "SMD", "$1N1036", "", "O", 11.02, 70.87, 0],
		[45, "U1_16", 2601.5, -3598.7, "T", "SMD", "IN1P", "", "O", 11.02, 70.87, 0],
		[46, "U1_15", 2601.5, -3579.01, "T", "SMD", "SRB", "", "O", 11.02, 70.87, 0],
		[47, "U1_14", 2601.5, -3559.33, "T", "SMD", "IN2P", "", "O", 11.02, 70.87, 0],
		[48, "U1_13", 2601.5, -3539.64, "T", "SMD", "SRB", "", "O", 11.02, 70.87, 0],
		[49, "U1_12", 2601.5, -3519.96, "T", "SMD", "IN3P", "", "O", 11.02, 70.87, 0],
		[50, "U1_11", 2601.5, -3500.27, "T", "SMD", "SRB", "", "O", 11.02, 70.87, 0],
		[51, "U1_10", 2601.5, -3480.59, "T", "SMD", "IN4P", "", "O", 11.02, 70.87, 0],
		[52, "U1_9", 2601.5, -3460.9, "T", "SMD", "SRB", "", "O", 11.02, 70.87, 0],
		[53, "U1_8", 2601.5, -3441.22, "T", "SMD", "IN5P", "", "O", 11.02, 70.87, 0],
		[54, "U1_7", 2601.5, -3421.53, "T", "SMD", "SRB", "", "O", 11.02, 70.87, 0],
		[55, "U1_6", 2601.5, -3401.85, "T", "SMD", "IN6P", "", "O", 11.02, 70.87, 0],
		[56, "U1_5", 2601.5, -3382.16, "T", "SMD", "SRB", "", "O", 11.02, 70.87, 0],
		[57, "U1_4", 2601.5, -3362.48, "T", "SMD", "IN7P", "", "O", 11.02, 70.87, 0],
		[58, "U1_3", 2601.5, -3342.79, "T", "SMD", "SRB", "", "O", 11.02, 70.87, 0],
		[59, "U1_2", 2601.5, -3323.11, "T", "SMD", "IN8P", "", "O", 11.02, 70.87, 0],
		[60, "U1_1", 2601.5, -3303.42, "T", "SMD", "SRB", "", "O", 11.02, 70.87, 0],
		[61, "U4_1", 3159.84, -2974.41, "T", "SMD", "GND", "GND", "R", 118.11, 62.99, 0],
		[62, "U4_3", 3340.16, -2974.41, "T", "SMD", "RAW", "", "R", 118.11, 62.99, 0],
		[63, "U4_2", 3250, -2704.81, "T", "SMD", "DVDD", "", "R", 244.09, 228.35, 0],
		[64, "C25_2", 3027.22, -2750, "T", "SMD", "RAW", "", "R", 31.11, 21.26, 0],
		[65, "C25_1", 3070.14, -2750, "T", "SMD", "$1N2573", "", "R", 31.11, 21.26, 0],
		[66, "C36_2", 3067.56, -2700, "T", "SMD", "$1N2573", "", "R", 31.5, 35.43, 0],
		[67, "C36_1", 3012.44, -2700, "T", "SMD", "RAW", "", "R", 31.5, 35.43, 0],
		[68, "C37_2", 3067.56, -2810, "T", "SMD", "$1N2573", "", "R", 31.5, 35.43, 0],
		[69, "C37_1", 3012.44, -2810, "T", "SMD", "DVDD", "", "R", 31.5, 35.43, 0],
		[70, "C38_2", 2562.56, -3870, "T", "SMD", "$1N3003", "", "R", 31.5, 35.43, 0],
		[71, "C38_1", 2507.44, -3870, "T", "SMD", "AVSS", "", "R", 31.5, 35.43, 0],
		[72, "C39_2", 2556.46, -3820, "T", "SMD", "$1N3003", "", "R", 31.11, 21.26, 0],
		[73, "C39_1", 2513.54, -3820, "T", "SMD", "AVSS", "", "R", 31.11, 21.26, 0],
		[74, "C40_2", 2556.46, -3920, "T", "SMD", "$1N3116", "", "R", 31.11, 21.26, 0],
		[75, "C40_1", 2513.54, -3920, "T", "SMD", "AVSS", "", "R", 31.11, 21.26, 0],
		[76, "C41_2", 2556.46, -3960, "T", "SMD", "$1N3286", "", "R", 31.11, 21.26, 0],
		[77, "C41_1", 2513.54, -3960, "T", "SMD", "AVSS", "", "R", 31.11, 21.26, 0],
		[78, "C42_1", 2719.88, -3900, "T", "SMD", "$1N3286", "", "R", 137.79, 47.24, 0],
		[79, "C42_2", 2930.12, -3900, "T", "SMD", "AVSS", "", "R", 137.79, 47.24, 0],
		[80, "C43_2", 3095, -3878.54, "T", "SMD", "$1N3353", "", "R", 31.11, 21.26, 0],
		[81, "C43_1", 3095, -3921.46, "T", "SMD", "AVSS", "", "R", 31.11, 21.26, 0],
		[82, "X1_2", 3401.06, -3283.23, "T", "SMD", "GND", "GND", "R", 70.87, 59.05, 0],
		[83, "X1_3", 3401.06, -3436.77, "T", "SMD", "CLK", "", "R", 70.87, 59.05, 0],
		[84, "X1_4", 3608.94, -3436.77, "T", "SMD", "DVDD", "", "R", 70.87, 59.05, 0],
		[85, "RN1_5", 3239.57, -3287.76, "T", "SMD", "$1N3881", "", "R", 25.59, 31.5, 0],
		[86, "RN1_4", 3310.43, -3287.76, "T", "SMD", "GND", "GND", "R", 25.59, 31.5, 0],
		[87, "RN1_6", 3239.57, -3319.25, "T", "SMD", "$1N3876", "", "R", 19.68, 31.5, 0],
		[88, "RN1_3", 3310.43, -3319.25, "T", "SMD", "GND", "GND", "R", 19.68, 31.5, 0],
		[89, "RN1_7", 3239.57, -3350.75, "T", "SMD", "$1N3871", "", "R", 19.68, 31.5, 0],
		[90, "RN1_2", 3310.43, -3350.75, "T", "SMD", "GND", "GND", "R", 19.68, 31.5, 0],
		[91, "RN1_8", 3239.57, -3382.24, "T", "SMD", "$1N3867", "", "R", 25.59, 31.5, 0],
		[92, "RN1_1", 3310.43, -3382.24, "T", "SMD", "GND", "GND", "R", 25.59, 31.5, 0],
		[93, "C45_2", 2833.54, -3120, "T", "SMD", "$1N5373", "", "R", 31.11, 21.26, 0],
		[94, "C45_1", 2876.46, -3120, "T", "SMD", "AVSS", "", "R", 31.11, 21.26, 0],
		[95, "C46_2", 2876.46, -3080, "T", "SMD", "AVSS", "", "R", 31.11, 21.26, 0],
		[96, "C46_1", 2833.54, -3080, "T", "SMD", "$1N5373", "", "R", 31.11, 21.26, 0],
		[97, "C47_2", 2195, -2933.54, "T", "SMD", "$1N5759", "", "R", 31.11, 21.26, 0],
		[98, "C47_1", 2195, -2976.46, "T", "SMD", "$1N5868", "", "R", 31.11, 21.26, 0],
		[99, "R2_2", 2062.96, -2980, "T", "SMD", "RL", "", "R", 22.27, 21.26, 0],
		[100, "R2_1", 2097.04, -2980, "T", "SMD", "$1N5868", "", "R", 22.27, 21.26, 0],
		[101, "R3_2", 2235, -2980.88, "T", "SMD", "$1N5868", "", "R", 22.27, 21.26, 0],
		[102, "R3_1", 2235, -2946.8, "T", "SMD", "$1N5849", "", "R", 22.27, 21.26, 0],
		[103, "RN2_5", 2069.65, -3192.24, "T", "SMD", "IN5P", "", "R", 25.59, 31.5, 0],
		[104, "RN2_4", 1998.78, -3192.24, "T", "SMD", "$1N6898", "", "R", 25.59, 31.5, 0],
		[105, "RN2_6", 2069.65, -3160.75, "T", "SMD", "IN6P", "", "R", 19.68, 31.5, 0],
		[106, "RN2_3", 1998.78, -3160.75, "T", "SMD", "$1N6891", "", "R", 19.68, 31.5, 0],
		[107, "RN2_7", 2069.65, -3129.25, "T", "SMD", "IN7P", "", "R", 19.68, 31.5, 0],
		[108, "RN2_2", 1998.78, -3129.25, "T", "SMD", "$1N6884", "", "R", 19.68, 31.5, 0],
		[109, "RN2_8", 2069.65, -3097.76, "T", "SMD", "IN8P", "", "R", 25.59, 31.5, 0],
		[110, "RN2_1", 1998.78, -3097.76, "T", "SMD", "$1N6877", "", "R", 25.59, 31.5, 0],
		[111, "RN3_5", 1934.65, -3192.24, "T", "SMD", "$1N6898", "", "R", 25.59, 31.5, 0],
		[112, "RN3_4", 1863.78, -3192.24, "T", "SMD", "EEG5", "", "R", 25.59, 31.5, 0],
		[113, "RN3_6", 1934.65, -3160.75, "T", "SMD", "$1N6891", "", "R", 19.68, 31.5, 0],
		[114, "RN3_3", 1863.78, -3160.75, "T", "SMD", "EEG6", "", "R", 19.68, 31.5, 0],
		[115, "RN3_7", 1934.65, -3129.25, "T", "SMD", "$1N6884", "", "R", 19.68, 31.5, 0],
		[116, "RN3_2", 1863.78, -3129.25, "T", "SMD", "EEG7", "", "R", 19.68, 31.5, 0],
		[117, "RN3_8", 1934.65, -3097.76, "T", "SMD", "$1N6877", "", "R", 25.59, 31.5, 0],
		[118, "RN3_1", 1863.78, -3097.76, "T", "SMD", "EEG8", "", "R", 25.59, 31.5, 0],
		[119, "RN4_5", 1864.57, -3697.76, "T", "SMD", "EEG4", "", "R", 25.59, 31.5, 0],
		[120, "RN4_4", 1935.43, -3697.76, "T", "SMD", "$1N12025", "", "R", 25.59, 31.5, 0],
		[121, "RN4_6", 1864.57, -3729.25, "T", "SMD", "EEG3", "", "R", 19.68, 31.5, 0],
		[122, "RN4_3", 1935.43, -3729.25, "T", "SMD", "$1N12030", "", "R", 19.68, 31.5, 0],
		[123, "RN4_7", 1864.57, -3760.75, "T", "SMD", "EEG2", "", "R", 19.68, 31.5, 0],
		[124, "RN4_2", 1935.43, -3760.75, "T", "SMD", "$1N12035", "", "R", 19.68, 31.5, 0],
		[125, "RN4_8", 1864.57, -3792.24, "T", "SMD", "EEG1", "", "R", 25.59, 31.5, 0],
		[126, "RN4_1", 1935.43, -3792.24, "T", "SMD", "$1N12040", "", "R", 25.59, 31.5, 0],
		[127, "RN5_5", 1999.57, -3697.76, "T", "SMD", "$1N12025", "", "R", 25.59, 31.5, 0],
		[128, "RN5_4", 2070.43, -3697.76, "T", "SMD", "IN4P", "", "R", 25.59, 31.5, 0],
		[129, "RN5_6", 1999.57, -3729.25, "T", "SMD", "$1N12030", "", "R", 19.68, 31.5, 0],
		[130, "RN5_3", 2070.43, -3729.25, "T", "SMD", "IN3P", "", "R", 19.68, 31.5, 0],
		[131, "RN5_7", 1999.57, -3760.75, "T", "SMD", "$1N12035", "", "R", 19.68, 31.5, 0],
		[132, "RN5_2", 2070.43, -3760.75, "T", "SMD", "IN2P", "", "R", 19.68, 31.5, 0],
		[133, "RN5_8", 1999.57, -3792.24, "T", "SMD", "$1N12040", "", "R", 25.59, 31.5, 0],
		[134, "RN5_1", 2070.43, -3792.24, "T", "SMD", "IN1P", "", "R", 25.59, 31.5, 0],
		[135, "C48_1", 1921.85, -3550.32, "T", "SMD", "$1N12025", "", "R", 31.5, 29.53, 0],
		[136, "C48_8", 1921.85, -3489.68, "T", "SMD", "GND", "GND", "R", 31.5, 29.53, 0],
		[137, "C48_2", 1959.25, -3550.32, "T", "SMD", "$1N12030", "", "R", 31.5, 22.84, 0],
		[138, "C48_7", 1959.25, -3489.68, "T", "SMD", "GND", "GND", "R", 31.5, 22.84, 0],
		[139, "C48_3", 1990.75, -3550.32, "T", "SMD", "$1N12035", "", "R", 31.5, 22.84, 0],
		[140, "C48_6", 1990.75, -3489.68, "T", "SMD", "GND", "GND", "R", 31.5, 22.84, 0],
		[141, "C48_4", 2028.15, -3550.32, "T", "SMD", "$1N12040", "", "R", 31.5, 29.53, 0],
		[142, "C48_5", 2028.15, -3489.68, "T", "SMD", "GND", "GND", "R", 31.5, 29.53, 0],
		[143, "C49_1", 2203.15, -3349.68, "T", "SMD", "IN8P", "", "R", 31.5, 29.53, 0],
		[144, "C49_8", 2203.15, -3410.32, "T", "SMD", "GND", "GND", "R", 31.5, 29.53, 0],
		[145, "C49_2", 2165.75, -3349.68, "T", "SMD", "IN7P", "", "R", 31.5, 22.84, 0],
		[146, "C49_7", 2165.75, -3410.32, "T", "SMD", "GND", "GND", "R", 31.5, 22.84, 0],
		[147, "C49_3", 2134.25, -3349.68, "T", "SMD", "IN6P", "", "R", 31.5, 22.84, 0],
		[148, "C49_6", 2134.25, -3410.32, "T", "SMD", "GND", "GND", "R", 31.5, 22.84, 0],
		[149, "C49_4", 2096.85, -3349.68, "T", "SMD", "IN5P", "", "R", 31.5, 29.53, 0],
		[150, "C49_5", 2096.85, -3410.32, "T", "SMD", "GND", "GND", "R", 31.5, 29.53, 0],
		[151, "C50_1", 2026.69, -3349.68, "T", "SMD", "$1N6877", "", "R", 31.5, 29.53, 0],
		[152, "C50_8", 2026.69, -3410.32, "T", "SMD", "GND", "GND", "R", 31.5, 29.53, 0],
		[153, "C50_2", 1989.29, -3349.68, "T", "SMD", "$1N6884", "", "R", 31.5, 22.84, 0],
		[154, "C50_7", 1989.29, -3410.32, "T", "SMD", "GND", "GND", "R", 31.5, 22.84, 0],
		[155, "C50_3", 1957.79, -3349.68, "T", "SMD", "$1N6891", "", "R", 31.5, 22.84, 0],
		[156, "C50_6", 1957.79, -3410.32, "T", "SMD", "GND", "GND", "R", 31.5, 22.84, 0],
		[157, "C50_4", 1920.39, -3349.68, "T", "SMD", "$1N6898", "", "R", 31.5, 29.53, 0],
		[158, "C50_5", 1920.39, -3410.32, "T", "SMD", "GND", "GND", "R", 31.5, 29.53, 0],
		[159, "R4_2", 2150, -2916.82, "T", "SMD", "$1N5759", "", "R", 31.75, 34.02, 0],
		[160, "R4_1", 2150, -2976.14, "T", "SMD", "$1N5868", "", "R", 31.75, 34.02, 0],
		[161, "C51_1", 2098.31, -3550.32, "T", "SMD", "IN4P", "", "R", 31.5, 29.53, 0],
		[162, "C51_8", 2098.31, -3489.68, "T", "SMD", "GND", "GND", "R", 31.5, 29.53, 0],
		[163, "C51_2", 2135.71, -3550.32, "T", "SMD", "IN3P", "", "R", 31.5, 22.84, 0],
		[164, "C51_7", 2135.71, -3489.68, "T", "SMD", "GND", "GND", "R", 31.5, 22.84, 0],
		[165, "C51_3", 2167.21, -3550.32, "T", "SMD", "IN2P", "", "R", 31.5, 22.84, 0],
		[166, "C51_6", 2167.21, -3489.68, "T", "SMD", "GND", "GND", "R", 31.5, 22.84, 0],
		[167, "C51_4", 2204.61, -3550.32, "T", "SMD", "IN1P", "", "R", 31.5, 29.53, 0],
		[168, "C51_5", 2204.61, -3489.68, "T", "SMD", "GND", "GND", "R", 31.5, 29.53, 0],
		[169, "R5_2", 1942.04, -3907.75, "T", "SMD", "$1N7744", "", "R", 22.27, 21.26, 0],
		[170, "R5_1", 1907.96, -3907.75, "T", "SMD", "REF", "", "R", 22.27, 21.26, 0],
		[171, "R6_2", 2116.28, -3907.75, "T", "SMD", "SRB", "", "R", 22.27, 21.26, 0],
		[172, "R6_1", 2082.2, -3907.75, "T", "SMD", "$1N7744", "", "R", 22.27, 21.26, 0],
		[173, "C52_2", 2012.12, -3912.68, "T", "SMD", "$1N7744", "", "R", 31.11, 21.26, 0],
		[174, "C52_1", 2012.12, -3955.6, "T", "SMD", "GND", "GND", "R", 31.11, 21.26, 0],
		[175, "C53_2", 2186.36, -3912.68, "T", "SMD", "SRB", "", "R", 31.11, 21.26, 0],
		[176, "C53_1", 2186.36, -3955.6, "T", "SMD", "GND", "GND", "R", 31.11, 21.26, 0],
		[177, "H3_10", 1745, -3905, "T", "DIP", "REF", "", "C", 66.93, 66.93, 43.31],
		[178, "H3_10", 1745, -3905, "B", "DIP", "REF", "", "C", 66.93, 66.93, 43.31],
		[179, "H3_9", 1745, -3805, "T", "DIP", "EEG1", "", "C", 66.93, 66.93, 43.31],
		[180, "H3_9", 1745, -3805, "B", "DIP", "EEG1", "", "C", 66.93, 66.93, 43.31],
		[181, "H3_8", 1745, -3705, "T", "DIP", "EEG2", "", "C", 66.93, 66.93, 43.31],
		[182, "H3_8", 1745, -3705, "B", "DIP", "EEG2", "", "C", 66.93, 66.93, 43.31],
		[183, "H3_7", 1745, -3605, "T", "DIP", "EEG3", "", "C", 66.93, 66.93, 43.31],
		[184, "H3_7", 1745, -3605, "B", "DIP", "EEG3", "", "C", 66.93, 66.93, 43.31],
		[185, "H3_6", 1745, -3505, "T", "DIP", "EEG4", "", "C", 66.93, 66.93, 43.31],
		[186, "H3_6", 1745, -3505, "B", "DIP", "EEG4", "", "C", 66.93, 66.93, 43.31],
		[187, "H3_5", 1745, -3405, "T", "DIP", "EEG5", "", "C", 66.93, 66.93, 43.31],
		[188, "H3_5", 1745, -3405, "B", "DIP", "EEG5", "", "C", 66.93, 66.93, 43.31],
		[189, "H3_4", 1745, -3305, "T", "DIP", "EEG6", "", "C", 66.93, 66.93, 43.31],
		[190, "H3_4", 1745, -3305, "B", "DIP", "EEG6", "", "C", 66.93, 66.93, 43.31],
		[191, "H3_3", 1745, -3205, "T", "DIP", "EEG7", "", "C", 66.93, 66.93, 43.31],
		[192, "H3_3", 1745, -3205, "B", "DIP", "EEG7", "", "C", 66.93, 66.93, 43.31],
		[193, "H3_2", 1745, -3105, "T", "DIP", "EEG8", "", "C", 66.93, 66.93, 43.31],
		[194, "H3_2", 1745, -3105, "B", "DIP", "EEG8", "", "C", 66.93, 66.93, 43.31],
		[195, "H3_1", 1745, -3005, "T", "DIP", "RL", "", "R", 62, 66.93, 43.31],
		[196, "H3_1", 1745, -3005, "B", "DIP", "RL", "", "R", 62, 66.93, 43.31],
		[197, "H5_1", 3780, -3265, "T", "DIP", "DAISY_IN", "", "R", 66.93, 66.93, 43.31],
		[198, "H5_1", 3780, -3265, "B", "DIP", "DAISY_IN", "", "R", 66.93, 66.93, 43.31],
		[199, "H5_2", 3880, -3265, "T", "DIP", "START", "", "C", 66.93, 66.93, 43.31],
		[200, "H5_2", 3880, -3265, "B", "DIP", "START", "", "C", 66.93, 66.93, 43.31],
		[201, "H5_3", 3780, -3365, "T", "DIP", "CLKSEL", "", "C", 66.93, 66.93, 43.31],
		[202, "H5_3", 3780, -3365, "B", "DIP", "CLKSEL", "", "C", 66.93, 66.93, 43.31],
		[203, "H5_4", 3880, -3365, "T", "DIP", "RESET", "", "C", 66.93, 66.93, 43.31],
		[204, "H5_4", 3880, -3365, "B", "DIP", "RESET", "", "C", 66.93, 66.93, 43.31],
		[205, "H5_5", 3780, -3465, "T", "DIP", "DRDY", "", "C", 66.93, 66.93, 43.31],
		[206, "H5_5", 3780, -3465, "B", "DIP", "DRDY", "", "C", 66.93, 66.93, 43.31],
		[207, "H5_6", 3880, -3465, "T", "DIP", "PWDN", "", "C", 66.93, 66.93, 43.31],
		[208, "H5_6", 3880, -3465, "B", "DIP", "PWDN", "", "C", 66.93, 66.93, 43.31],
		[209, "H7_1", 3840, -3925, "T", "DIP", "MISO", "", "R", 66.93, 66.93, 43.31],
		[210, "H7_1", 3840, -3925, "B", "DIP", "MISO", "", "R", 66.93, 66.93, 43.31],
		[211, "H7_2", 3740, -3925, "T", "DIP", "MOSI", "", "C", 66.93, 66.93, 43.31],
		[212, "H7_2", 3740, -3925, "B", "DIP", "MOSI", "", "C", 66.93, 66.93, 43.31],
		[213, "H7_3", 3640, -3925, "T", "DIP", "SCLK", "", "C", 66.93, 66.93, 43.31],
		[214, "H7_3", 3640, -3925, "B", "DIP", "SCLK", "", "C", 66.93, 66.93, 43.31],
		[215, "H7_4", 3540, -3925, "T", "DIP", "CS", "", "C", 66.93, 66.93, 43.31],
		[216, "H7_4", 3540, -3925, "B", "DIP", "CS", "", "C", 66.93, 66.93, 43.31],
		[217, "H7_5", 3440, -3925, "T", "DIP", "GND", "GND", "C", 66.93, 66.93, 43.31],
		[218, "H7_5", 3440, -3925, "B", "DIP", "GND", "GND", "C", 66.93, 66.93, 43.31],
		[219, "H7_6", 3340, -3925, "T", "DIP", "DVDD", "", "C", 66.93, 66.93, 43.31],
		[220, "H7_6", 3340, -3925, "B", "DIP", "DVDD", "", "C", 66.93, 66.93, 43.31],
		[221, "SW4_4", 3765.32, -3155.08, "T", "DIP", "RAW", "", "C", 62.99, 62.99, 39.37],
		[222, "SW4_4", 3765.32, -3155.08, "B", "DIP", "RAW", "", "C", 62.99, 62.99, 39.37],
		[223, "SW4_2", 3765.32, -2914.92, "T", "DIP", "$1N9755", "", "C", 62.99, 62.99, 39.37],
		[224, "SW4_2", 3765.32, -2914.92, "B", "DIP", "$1N9755", "", "C", 62.99, 62.99, 39.37],
		[225, "H1_1", 2375, -3945, "T", "DIP", "$1N1036", "", "R", 78.74, 78.74, 47.24],
		[226, "H1_1", 2375, -3945, "B", "DIP", "$1N1036", "", "R", 78.74, 78.74, 47.24],
		[227, "H1_2", 2375, -3845, "T", "DIP", "SRB", "", "C", 78.74, 78.74, 47.24],
		[228, "H1_2", 2375, -3845, "B", "DIP", "SRB", "", "C", 78.74, 78.74, 47.24],
		[229, "H2_1", 3507.63, -3160, "T", "DIP", "GND", "GND", "R", 78.74, 78.74, 47.24],
		[230, "H2_1", 3507.63, -3160, "B", "DIP", "GND", "GND", "R", 78.74, 78.74, 47.24],
		[231, "H2_2", 3407.63, -3160, "T", "DIP", "DAISY_IN", "", "C", 78.74, 78.74, 47.24],
		[232, "H2_2", 3407.63, -3160, "B", "DIP", "DAISY_IN", "", "C", 78.74, 78.74, 47.24],
		[233, "H4_1", 3507.63, -3565, "T", "DIP", "CLK", "", "R", 78.74, 78.74, 47.24],
		[234, "H4_1", 3507.63, -3565, "B", "DIP", "CLK", "", "R", 78.74, 78.74, 47.24],
		[235, "H4_2", 3407.63, -3565, "T", "DIP", "$1N8742", "", "C", 78.74, 78.74, 47.24],
		[236, "H4_2", 3407.63, -3565, "B", "DIP", "$1N8742", "", "C", 78.74, 78.74, 47.24],
		[237, "U7_1", 3579.37, -2830, "T", "DIP", "GND", "GND", "R", 59.05, 55.12, 33.46],
		[238, "U7_1", 3579.37, -2830, "B", "DIP", "GND", "GND", "R", 59.05, 55.12, 33.46],
		[239, "U7_2", 3500.63, -2830, "T", "DIP", "$1N9755", "", "C", 55.12, 55.12, 33.46],
		[240, "U7_2", 3500.63, -2830, "B", "DIP", "$1N9755", "", "C", 55.12, 55.12, 33.46],
		[241, "DVDD_1", 2881.97, -2971.76, "T", "SMD", "DVDD", "", "C", 59.06, 59.06, 0],
		[242, "AVDD_1", 2751.81, -2971.76, "T", "SMD", "AVDD", "", "C", 59.06, 59.06, 0],
		[243, "RAW_1", 3007.28, -2971.76, "T", "SMD", "RAW", "", "C", 59.06, 59.06, 0],
		[244, "AVSS_1", 2877.13, -2851.76, "T", "SMD", "AVSS", "", "C", 59.06, 59.06, 0],
		[245, "GND_1", 2751.65, -2851.76, "T", "SMD", "GND", "GND", "C", 59.06, 59.06, 0]
	]
}
}